live2d/biaoqiang,1087458,1e905aa2ca21cb5b196c0d1220fb270a
live2d/aidang_2,2072444,1b24354df8dd12eda9bff956035cd861
live2d/aierdeliqi_4,2105059,4e49f082170a4fb2b1548e297d0a1359
live2d/ailunsamuna_3,2712316,8b8250df5586f64de7c4e1e1868b40d0
live2d/abeikelongbi_3,3658119,67c5692c84e5202270462a578523f9a9
live2d/biaoqiang_3,1995600,401337398e32652bab950b1a5f2051d1
live2d/aimierbeierding_2,1706644,932cfacac16873a618d1afc0ab210645
live2d/ailunsamuna_2_hx,2699140,568261392328c1a597c09d2fd0dd6771
live2d/baerdimo_5,2678457,2d5454331efa9ccf3eacac15c77c274a
live2d/aierdeliqi_5,3102558,a5d8247e71fe17e4a60627ee97aba54c
live2d/adaerbote_2,4045648,0678a06c10a29c7c96c839936f6afea0
live2d/ailunsamuna_2,2685583,7ec3b19e8d728b67e2cbdfaf2f480eb2
live2d/aisaikesi_4,3089597,5f55f18b770015c2e8718338b4889a6e
live2d/banrenma_2,2292691,3eee574cbc87655072831bf09fcaa1fb
live2d/bisimai_2,2238241,20dcf910f477cea542a2060ccb290a95
live2d/beierfasite_2,2637617,594d31e1e76e1322049dd6ecef3d3274
live2d/beikaluolaina_2_hx,3291146,25a79828c255e4e5dc74c328d139255f
live2d/aimierbeierding_3_hx,3282341,75404f3ba25c08545db60b3d8b005a3d
live2d/beianpudunii_2,2997458,e7d54044c73e6456ea0b4dc458537b3a
live2d/bisimai_2_hx,2231345,e10192c95385adee8f79076d36b1425d
live2d/beikaluolaina_2,3218019,4bfc7104c16c7db9beb94d7a0785f52d
live2d/aimierbeierding_3,3262123,5512ad95fabe89fd329e24f480c7f3d6
live2d/ankeleiqi_2_hx,8497663,2210dfdbbbc0418f9c0648f830891fa3
live2d/abeikelongbi_3_hx,3671541,e33619f8861c434a0d1756758aa44916
live2d/bola_2,2587368,95f522c474449b36b7bd3d3fe2dd90b4
live2d/bulaimodun_2,2614114,84282a6bb171bdac645ac573e67985aa
live2d/aijier_2,7207880,68c8b6ae2d133890702c014e43a3c509
live2d/bailong_3,4216172,f13c5e2e24a72f9a861a77403e5ca159
live2d/bulaimodun_4,2849191,1b4570ab4dfb97b14a35015df02663b9
live2d/chuixue_3,1834812,91949539952c963d6570da1fd86b306f
live2d/bulaimodun_4_hx,2861411,c50d2ef0cca688f36a01393253ac42aa
live2d/boyixi_2,4446509,749932ac63c04430c2ab05d93915247a
live2d/baerdimo_6,6332423,47a1726bed5062c014fa8b9335161a63
live2d/dafeng_4,1683017,b861671f311512bfda7f04fca1540b25
live2d/dafeng_2,2129325,ebbf33810532c202a3563a33e402cf6d
live2d/dafeng_2_hx,2153047,1ccca1970513f07f8c64b9ea64b9647d
live2d/dujiaoshou_4,2201751,86f17b2f32abcfe7a96c31cd3a1e91f8
live2d/bulaimodun_5,3435101,31b448168be466b88e20545767ae7abc
live2d/dafeng_3,3324320,65cb224655b6540158fd31fa80cf9e77
live2d/ankeleiqi_2,8495014,2eab06ea86adabf64744d7b6b14def83
live2d/deyizhi_3,1816319,f88ee5ae0e6cb8378bfaab8ccbf01910
live2d/adaerbote_3,6732841,facb62df24068d67c8deda8f1e460306
live2d/chaijun_3,3888577,23942393fcc28f8cd5a6da07cbaac5c8
live2d/chaijun_4_hx,4587479,fec253855cbdc6c1ecb98778a11d8b40
live2d/fengyun_4,3667732,6c4859f6eefd2537763c112b94930aeb
live2d/chaijun_4,4600041,5160e98ef9bda9d8316267f856f35962
live2d/edu_3_hx,1818286,5fe695bc9ae34031186f8a25ab0df26e
live2d/edu_3,1819230,a66c597a3ced993f292b15e01ae02173
live2d/aimudeng_2,7998011,899f09f415aa20f6a8ac8a8fe8275254
live2d/dunkeerke_2,2425335,fefbe2d88499e63e1a8c5fca2cba7894
live2d/aimudeng_2_hx,8045692,6640e3b4644e4b56302e2ff4d398753c
live2d/genaisennao_2,1937270,8a08381795683f13f92c4190a298dfe7
live2d/chicheng_5,4725132,84e39ed4f4a7bb7f53a2c74be8bb3237
live2d/buleisite_2,7323557,e41f5a0b440f1f00f4ba4e185eecce31
live2d/daofeng_4,4258242,c80b255edffda709550e5816f035202f
live2d/dujiaoshou_6,3261822,bf6f5b9a5be054da8656bb6238052bdf
live2d/banerwei_3,8328677,4b70605939b93f5884e1d6da60255f62
live2d/edu_4,2802937,71d6f31c535b07b0d7b15d16aa895e56
live2d/aerbien_3,11802528,b416a9d6d329589db9181cd3b1ed198a
live2d/guangrong_3,3069393,35afacba500d77ba37152bef2be316d8
live2d/hemin_3,2148355,f758486c4b603f76384923c4a02869fb
live2d/heitaizi_2,2361822,acb736ae44cb736ecd8f51319e3f9064
live2d/hemin_2,2443758,494c428b436c2c397e658b540f254e95
live2d/jialisuoniye_4,1557272,ab562180df239545c2bb92a252a29b94
live2d/huangjiafangzhou_3,2420006,bbf59fe5dfce2fb8cc3eb51958fd4570
live2d/huonululu_3,2358792,e4a24aa87329ad0b06e0b2694daa2997
live2d/chuyue_2,7167059,1992166b9fec534d74cd4348cfe0148c
live2d/hailunna_4,3514123,6de3b71f80608a3b616f79f9e49e1140
live2d/jianye_2_hx,2277512,0c13f209dc0f274e41e6d4e7bd87adb4
live2d/chaijun_5,7965586,2d9ffbdace2c583ec3d904c5c50e436c
live2d/jianye_2,2267151,ed90a86ba797afd44426743a7d2d5aec
live2d/jialisuoniye_3,3421009,349e59869397bf1d9eb0dbba52b3d9ac
live2d/aijier_3_hx,11202246,e17a0c9822a85c15875b056d0d1a1dbf
live2d/aijier_3,11162648,5ea791fed87a8299cd0923eaf1ef6574
live2d/jialisuoniye_3_hx,3418585,a339e5bc2645af10fc3db63ab75089fc
live2d/ankeleiqi_3,13531244,a3931b4b694632557ad6d2557cbf46b0
live2d/daofeng_5,8002628,cc914c6ff8e3cdb8007ef700414e46b1
live2d/huonululu_5,4332173,3d3ab757d4b6ebbee887e3177170b66d
live2d/daofeng_5_hx,7992069,0c898b139461b83e1fa7533f207d3acd
live2d/lingbo,710792,40336bbe65609de478297344e78cbab4
live2d/aijier_4,15518473,32c101c5a68c99d3d05e0cffe47fc07f
live2d/junhe_5,2353678,575a2610e2218fd5dd8bf60bbc7c1c1c
live2d/haiyinlixi_2,6087928,470b5830e79bc2c1992502621e07b88e
live2d/aersasi_2,16480897,96604f3bc1e59dfc96f54dbff2ec4387
live2d/lafei,1449500,100aeee74e7de4476fbd86c8aa522df4
live2d/kubo_2,1736376,1314c90348410089e896a0c2c249457e
live2d/feiteliedadi_3,7672796,6b5d383cbf451bf2666e1bd37f0c5ad3
live2d/guandao_2,6750823,bf8306575fe5dc18bc4b99507a2b405f
live2d/dulianglai_2,8418500,af80acbd8e25379b050a91fa04fdbee2
live2d/jiuyun_2,3413139,d893d257f803964ba87c4d36e429a3a4
live2d/geliqiya_2,7494876,08b17f4604a8b29a8980c1edf7bf362f
live2d/kelifulan_3,2671919,901c534079d7ed3ecd8551d07736f1ec
live2d/kalvbudisi_2,3241685,6682063a6cc9032275db4e46790560de
live2d/junhe_4,3478190,526b093e52eabaac199a7aa81581ac5b
live2d/kalangshitade_2,3493085,923c662b7146a4b54ea359f8f2260adf
live2d/mingshi,702790,58a5241e02f5e4c712ad21689fdd2bc6
live2d/kelifulan_8,3549726,e55d052aca6cf13838335c4dc09ec15c
live2d/kuersike_2,3127853,cacd7d7bae086a111ae5f422ec952b3c
live2d/dewenjun_2,9775977,f52a5a8c72b0d0d4ba0565edf999cc28
live2d/lingbo_10,2420455,8f40c6a360e6eb48ca772663f240a0b2
live2d/leigensibao_2,2530175,801cb0addcc0734fcdb9b980f432549e
live2d/jiluofu_3,5556380,c7bdb30366ea8c4ca3abbfcc5a9a0f5e
live2d/lafei_4,2776978,985a5fb3ead30d46838837947fd32130
live2d/jianye_3,6859551,d3fd8c59f6f9392c2b4ac222a234fbd8
live2d/linuo_3,2937718,fc541805ccb78b33b2ba88ae2caa9358
live2d/lisailiu_3,2864771,1ae2f7a2e67ce0602c367572d52a3261
live2d/linuo_3_hx,2941820,381fddfc78af59e1ba302803375ae455
live2d/luoen_4,3090329,a205c275671c2b1fb353ba0e39d6c113
live2d/bisimai_4,15667289,91b31019dbbfe9ff0f00695889326ec6
live2d/lisailiu_2,2999609,e9a2606af3dee106de5f26a207726bae
live2d/buleisite_3,14179453,5f815e4e71c55d7f2eb510efe8f5e579
live2d/longfeng_2,3640202,0d557652e842e9d4dbcdc86677675bb8
live2d/longfeng_2_hx,3641853,ba5ae1ace3188fb27b25eb9c910bcce4
live2d/kelaimengsuo_2,5765005,78e6a334de3d856f8981cb89c5c4a536
live2d/lvzuofu_2,3204905,8cbc76bc0c0c8b36d08a403877deb65b
live2d/luyijiushi_2,3149713,2b2d605697869d8cc3058cd6c2523820
live2d/ougen_5,2878078,5d6235e2323b03a09a88eb3a4346a7c1
live2d/ninghai_4,2307977,eb1375abd5647e17b05629755500d2eb
live2d/ougen_6,2805322,15bcb2f4bb7a033736e18d1361a5e9c7
live2d/nengdai_2,2942140,9ebcfb6fff4ce82419a2f1ed4aadb6f9
live2d/jian_3,8164269,e23b7e2db2fda2638ce739003f4285f4
live2d/kewei_4,7751855,a37715a721877bd8ff82e2cfbbd16a6f
live2d/pinghai_4,2263674,9ed7555fd4b7113618f5cc698057d54b
live2d/qibolin_2,2441864,fe9df308dda39e7b55f77d591a42451c
live2d/dafeng_6,15533396,2d44c64ebf58ed70d3998f315d1b712a
live2d/ouruola_4,2668896,df16d76686b40f60a830420f567017c0
live2d/jianye_4,9856026,4aff9d32e0d92d5e8197d3b9b49fdef4
live2d/ougen_6_hx,2809430,b30913d87c819b5e0f35b1656accdb43
live2d/jinluhao_2,9017485,5dcd246971ee7873b29cd0d46606277a
live2d/nengdai_3,4089417,ba31a7a35b6f6c952706a589c891e64b
live2d/pinghai_6,3431571,b388df62d76544cfed94f4b342c02e70
live2d/rangbaer_3,2193067,240ed6b7fb6ce534f04b0909f8db322e
live2d/mojiaduoer_3,21016366,0c9bed634b7611c4c12c7253427de550
live2d/shengluyisi_2,1682321,dfdae385030dbd5cd38a003200eff084
live2d/shengluyisi_2_hx,1682614,3b013dc8999fb6dcbd2f26c8e01cc44b
live2d/shengluyisi_4,1847261,609e8aca0217821ae53610a03e5ddba2
live2d/taiyuan_2,1214047,8b4608e673285cbaa3477769150f9585
live2d/sipeibojue_5,1865435,6ba2865c37cf3efac7ec1de8d4e5e787
live2d/lupuleixite_2,8104039,a4f526b505384fcac9efbc4581d8e12e
live2d/guanghui_7,14370882,15146202e28d528a6bba397d4d2f6772
live2d/qiye_7_hx,3893977,93f1e9009511ad95d1e217d011686017
live2d/shengluyisi_3,2419212,d51e05757b095a8ae078c037926db577
live2d/qiye_7,3890658,031d81572be2765fd7b7f61f63e36a20
live2d/tierbici_2,1762152,4579bb81bc6b667c19e6c8fe47fb0eff
live2d/luoma_2,8472472,889841d7116ed638bc7e107f2ac693d1
live2d/mojiaduoer_2,7708216,4bb02a0571f766e814d6adfd1debb840
live2d/weiyan_2,1520343,5392b9b63764f9853d1cef4c7366a308
live2d/rangbaer_4,4104700,6ae76d40351b20c16eae09dc94d711d6
live2d/tianlangxing_3,2464613,b6df6976e8e1fe55cea112cb0bf65f21
live2d/shitelasai_2,3917378,11402a6313ee240a08dcce4d7748b188
live2d/maliluosi_3_doa,8649418,d3acfc3d65c29cfd49bc9c11783dda3e
live2d/pizibao_2,6456655,67719c628f26f354f36a14af04048622
live2d/jianwu_2,15037673,8d61d2a0ecb1285ce88433f03bb34083
live2d/tiancheng_3,3717072,6a384ae4f84cdc0ff3be28580f99eaec
live2d/qianwei_2,7664919,d2b90e407aa658f30782deebffe651b6
live2d/weineituo_2,3224962,6415f7e4a8caa943fd701a1c6f7779e7
live2d/xuefeng,1035273,5a77f85ae581f8b88cbdcf5b1782ef15
live2d/weiyan_4,2964178,39b3aa74fa344558923aa5d380a7d2d2
live2d/weiyan_6,2470769,1b893a40878264db574d05b1836e8716
live2d/qiye_9,6795746,46d1a38bd44e70e4ef3ec0b507228d59
live2d/fulici_2,17279859,598d8e0f77cd6235e73a246411c4f34b
live2d/weiyan_4_hx,2961827,d65fef78366e1378f6dd65ee5fd266ab
live2d/wuerlixi_2,3059140,3ddb3a296b75131d008a2c50506a7056
live2d/weixi_2,3399933,dcb4a47f78f79c0c51851c2291921909
live2d/wuqi_2,2638536,2f14fb72496ec8d25cc5490dea931881
live2d/xianghe_2,2662278,11ecc774b691e7158b5722c6b5551295
live2d/xukufu_2,1618347,ea344507e8ac125e828ebaa8e28a1a31
live2d/xixuegui_4,2032707,83ac7993c33b68384e321dae4f63d4ee
live2d/z23,756935,869133004eae533aaee93d12387af0c3
live2d/xuefeng_3,1802221,9f0c540e9bf260b74a29506286341011
live2d/z23_hx,754254,61c9c0eaf6549f72f6f3435fc86ae205
live2d/suweiaitongmeng_2,6929438,791e050d537b964fe4276a22c96b67ee
live2d/xukufu_3,3308549,e616646c271f0d3776887e28748f5bc3
live2d/yichui_2,3064638,9482b63b98357596ce30017655aaa68b
live2d/xukufu_3_hx,3291358,e2e2526f89a0db5ad6e2e1b72d4a0d1e
live2d/z46_3,1905206,a7e81eecc879b3c6fadef99e2903c648
live2d/sitelasibao_2_hx,8762479,3ffc0d8136bde68f953dbad7f1dd4d64
live2d/nabulesi_2,13869272,e3f9a4f91ffa6b263ddd0a604cb2b065
live2d/z46_2,2581428,412bee7bfc8d9ed5e42f0715280ef8cc
live2d/longwu_2,15882881,1adb0dce941ff765435b53e9e312b7b2
live2d/zhala_2,2271219,36847c0b4bb624288227e85c6c1835e0
live2d/lafeier_2,16504818,98b47dadaef038649b9f4c78591d9852
live2d/weizhang_3,7279997,f558e334579799594e13bb0b444c3061
live2d/sitelasibao_2,8767552,b5680c2971e2e43a2ae6f47c4e348a24
live2d/lafeiii_3,15771630,19d18c31fb51487a9fc88bc79bcb4144
live2d/tianlangxing_5,8435797,432d276d786633706e90efe3ee7c05de
live2d/z46_4,3048720,01c5fbf6fda00d93a50c14819a1b7aad
live2d/xingdengbao_2,6120211,6e8413ad53222c36f9392a5961c49fc7
live2d/shengluyisi_5,9916218,20d16da74eaf7156aec336eee4ac89b8
live2d/wuerlixi_3,7026270,878b6088c6c93babcb20fff5f87e35bb
live2d/yilishabai_6,4779288,31c85ed222a540765f627c7db69427ce
live2d/xiafei_4,7296461,3d8310f8b490e1e03d34b8f9ccadf2d3
live2d/naximofu_2,14995455,8bec9e2625c89782613d06445c503631
live2d/tiancheng_cv_2,9929081,5de552bfd48e27a48f3d5da062f31a02
live2d/xinnong_3,7498258,a0c217bd3c43ac4a38f6fa1a0c24213a
live2d/qiershazhi_2,13626736,7c0cd829387d64620e23c04dc74eeddf
live2d/xinnong_3_hx,7494705,2465be54aad2b656fac6fd89ba7ab715
live2d/yingrui_3,6690930,d6873da54823182bcc5f44a668a1aed8
live2d/yanusi_3,6739683,62c04c74a727d20e116d907a4197dc2f
live2d/xinzexi_3,7895769,cdf56ba08c0f7ec3c9e6d966db3ebdf0
live2d/meiyinci_3,17481175,225f2760e7edd58dffa248f01b3f5cb9
live2d/rangbaer_5,14218928,43eec768933ab1621adb5aab83710a4a
live2d/yingxianzuo_3,7157090,6a973aa544b09089483912e60665acba
live2d/yunxian_2,8201073,4f10d01fb39e32d2dd53a35fbe1fa623
live2d/zhaohe_3,6714500,7bee5ec9fbeeaec84e87b50b2779145a
live2d/yibei_3,10904150,95983577ce2d5d2f1539649121e5021b
live2d/wuzang_3,16215201,460cca23ed7a8b930ce549bafaf8f0a5
live2d/xinnong_5,15556907,959f5c5b86ce9b5cf3a54b9ed2b7b9e7
live2d/xinnong_4,17322260,09a294440fcebe2bc5dbcc6dec75878b