mangapic/100,483114,517ad6248cb8804594d86eb49d2fbde1
mangapic/106,666058,927b57bd6a573f33be9fd02c4b81b8af
mangapic/101,742075,5b9a700399952b3e829b19f8c9a68bb1
mangapic/103,752149,913fcd4af36b6a20e18540c327e3aeb8
mangapic/105,832092,af78dab5a4a0fcc119a7a41a6f3a870d
mangapic/104,954594,be397ee40049909f8a3e94f67ba0c155
mangapic/1,986107,5fb517aada8ceabc4d702e64ea8a8f4f
mangapic/107,1029448,06a2afb82c927cde28bb4f98634a3339
mangapic/11,934579,ce92fafcaff95fa6a316cc89de2d9583
mangapic/111,904847,1c2844c8b5353a20e9c535849723fd02
mangapic/116,924557,52df3e9b990953cb6baafadb06fca4f1
mangapic/115,1001078,f171cd76613ec4d7007a07b32a12a561
mangapic/118,1010924,fec8cfc1066ece1c63d19fc293085daa
mangapic/124,945466,98f2d63a012dec1fbfcc3ed804c80fbd
mangapic/125,936212,8163a22beaf56a0712c720b6170db648
mangapic/120,905080,fd138e41fb0018586b4a16215c9ab25b
mangapic/102,918090,b3e4b0909a1a9d4ef8a8ebd8b3442596
mangapic/127,1040597,6ac6ca18e7008eb50aa70fba3c5aa2c6
mangapic/130,822181,e261c9ce6e2772b391e8e49c3ca03af5
mangapic/129,967669,30817c006f95d5b79ed17a0f4c8f2849
mangapic/131,982365,0b23a87dcbaab4ea26665df6efac4b04
mangapic/132,1010022,1ce5b5a9a1f3e14096404b2ae27a1938
mangapic/145,863326,d83afec89d4ad46f140e2a9386f387da
mangapic/121,960988,d38f29f590ebc611b5d86d6f2c1f714c
mangapic/133,854000,cb6537d99687ac134c3529e8a61d29e2
mangapic/146,855974,70caafea6234cd13d44acc816d39d386
mangapic/148,961973,0782f8bb671822dad612754a18e8311f
mangapic/169,792145,9a426506043727a87cd23ce2d068be50
mangapic/147,867470,682978a669c77b79d48202e9f5bfb751
mangapic/159,825171,740313fb3ee104d772fdc8d9578f59de
mangapic/16,1037391,a1cccfbd1ba6bf95bf9b6bab2cd5e950
mangapic/170,1036768,443e5157d356fb9ea512347e0578fd79
mangapic/17,944037,2d175a7331c4ff5596f7448a19f802ab
mangapic/160,1004366,5eab49218a612ecdbd2f516a7d342c06
mangapic/155,873286,59802d79628feb9c4f5d226f55bfc945
mangapic/176,1005261,016a4deda5aa36ece25e22b2e7942b9b
mangapic/180,982572,cc721acf81941b14176e130826c7338f
mangapic/181,1046272,321a223b019eb1be3becb1a1a71752c2
mangapic/19,816368,b8010d4ea839a4cd19b92d816667b64b
mangapic/197,838434,c86d1e777e2146afbe895098a9a867e0
mangapic/151,935895,fb62bf8f71c153e2402b49a7d02187e1
mangapic/196,1000993,f79a9f75b2c1bd72ff8ce7074db58998
mangapic/2,968353,c62ae6ef3df142ac2a977aa28670935f
mangapic/191,879790,dec627382057c95349f3fda9e90fa4a6
mangapic/192,964879,3c579927abe878ce7a79afb55fc5e192
mangapic/142,1397498,8b869db1b0818ddd723e3c0628a41e3d
mangapic/173,1106285,e86a12534ea99c31bb6bb8ead6c3dd50
mangapic/13,1582987,8f0382a58ef608c8432dd40dfdaea534
mangapic/210,949096,4b5fac323108f3d7042009375ddbccee
mangapic/138,1774384,df939e1b879b3df4cdde90f17ec6c20a
mangapic/139,1240285,4339cac2abc03175360eecc20268a290
mangapic/143,1097563,96f4dec73a602ffc957876c97847a3ba
mangapic/174,1108954,2dc888f6be8014f6f885e3b1528a9b65
mangapic/213,925455,39c2c7d0ed0e53bc8091b2ba8b0366ae
mangapic/195,1181468,65a180fc01b9a858ec9ca8dc8ddb0384
mangapic/149,1129715,fd2b50cfc92670dba45a050fc4707e73
mangapic/135,1169594,59558433ac0346dac288f910dadf23b7
mangapic/218,983475,e08ab64b93e6c9ddca96cfc1f5e3a313
mangapic/12,1142871,5a0535d955cafd11e50993854c79e157
mangapic/22,991230,e416bb7fcde5a22b0b24b2f69a554ac1
mangapic/203,1112864,4a46c8962e6e969aeededc7a3d0a4c47
mangapic/114,1338458,f7a5976bac22f0304f9fe908799bc818
mangapic/221,1024293,24c4a7aa7efcd03229cab138baf3803c
mangapic/122,1193944,c6dd21de7a6b55ab44f47897328f4a0b
mangapic/140,1102447,b00cfe42668704aa55c0c74e340b6fa0
mangapic/126,1117011,62245fc74a6399a4cb82738d60bda571
mangapic/224,829404,779897a1b866181dfe00c47afeca3bcd
mangapic/226,952689,8ef77a7c62c931c12323c4980354c982
mangapic/167,1304326,683ca7edfbd5f0f62183368d1b8488b9
mangapic/229,998960,b63d9e390f0043236cf063bf5a702f76
mangapic/15,1112853,b1073e18d70075b134319a5c66df6d17
mangapic/117,1164591,ead83de5ce5cecf6ff89b68ae70e2be2
mangapic/23,866826,f37a388af74d7aaa323d7a9edc1f2505
mangapic/141,1096394,6863663469c9851d23aefcc2f1d285bd
mangapic/230,911385,1adf0a0a6a87569485ce485b62c2b876
mangapic/108,1337006,57d9ce14756b51cc60ee1ff562f29db7
mangapic/137,1092954,d2722af122f178541e88fc64cd4648ae
mangapic/201,1125903,9ccfa83807d697d77272d4f0ef29356c
mangapic/156,1064798,732a102cb0770e452d4f4b8b3ee657fe
mangapic/158,1105106,02b37484a7e93925d746685b2c02d0f3
mangapic/152,1441365,daef421d90edf9b826c652cf1b7a3780
mangapic/233,910863,b050b8626a409dc4dc16aad7411d3602
mangapic/163,1266774,8a969661574f95de31cb3c638b2d5006
mangapic/10,1243502,cf713dd268a69299a6ea466f43348594
mangapic/238,882936,0e1cdc1c8d0bde879e499756c14cd14e
mangapic/157,1152310,4ceb2b06191c931cee8987cceaf6c081
mangapic/113,1261075,31320d5beb7fcee6f8174ac1e53220ad
mangapic/161,1172853,c38b150268278d4256b7ecdc308969de
mangapic/217,1397375,973bdf8c56786cd2a5e12a5f78fec70e
mangapic/110,1373947,eaa836c13b0f5f3eff5c76e8dfcf2fa8
mangapic/24,971866,e3fd7223fad3594a4f9077f356eb0930
mangapic/136,1388849,acc4bcca6dd2512a224ea8252448fe00
mangapic/134,1274806,87df80ceb29f218aee1f3102e1c8556f
mangapic/171,1117623,1727609131bcdad84aece7f224a15fe5
mangapic/241,1039756,401582b1187fae40d530ebe6070f81ac
mangapic/205,1065432,df48103907c456bb6c3fb0300ade0836
mangapic/246,979778,e8a4d6e21c1e6d54a53f8cca93c325df
mangapic/165,1138964,33243fdebabcc6419f67309df2c84490
mangapic/207,1185703,3eccdf9bdcb45e6fe057ef5e9be072d3
mangapic/123,1215709,106ca0a7081b3bb6831da3f932cfbdea
mangapic/245,982359,5db72808570b354212fe24618d4d8e32
mangapic/244,1032652,a86f9a374914240ace7064dafbc0ff5e
mangapic/209,1106534,9c60856f84a6f3cb3c4cbfe1b0623f71
mangapic/249,863666,81f709739947a9cc472cf515b4edf1ca
mangapic/179,1205258,c30fb95bd2ed2e3dae8816906b67024f
mangapic/128,1211448,679d4d3e93778ff6451e2f4f0c6b5828
mangapic/252,930736,1229bc4963349c6a2a0a4913d51a7687
mangapic/18,1050525,ca0de08dacba76457d2fc5264ce6671a
mangapic/254,959955,cd132ede3583e90e07e764f743f3671c
mangapic/255,996223,8376350dcb467cb59a6f23636ad41069
mangapic/186,1228928,c9efd03ad43786156e43ae257d771e34
mangapic/112,1331096,ba6987297e87b65b1265ec3bdd0a74a9
mangapic/144,1250404,7c1f47195a711355f24f6f6f7db721cb
mangapic/259,892475,48070b33e01a88b2e572e754c7ba7be2
mangapic/258,1017844,c2bc921001853f4c78245d81d998621c
mangapic/216,1445038,e9bbda1bb408e49dc3b05d4496e0b619
mangapic/166,1129165,77eb5cfc347f55407e1dc17c59485a26
mangapic/154,1281249,dd4d9d8a467245358de4c793bfe0d924
mangapic/261,943995,9490e73b8686a808935ff20a9d66fa83
mangapic/260,1040040,3893f2722e531f0d2afe77e494422886
mangapic/119,1419440,b50aaca0fcceea277e64a85dfb6bd7f2
mangapic/175,1176305,06df202c07731c7f5867b6bca1f3c74e
mangapic/265,825300,96a86594ad4b26a674f3b48b71b04f0d
mangapic/150,1152497,42c35de3fb5d4ae6ecfdec6f4523b161
mangapic/193,1082521,9848fd4a30de53b06de112b51da66e79
mangapic/200,1081135,7796ac0e9c271e9b83a242fc0d99f92e
mangapic/266,1028574,6da51268eb049236d8b5b9658d69a829
mangapic/27,948068,a4bc81cb9cc83ebe8b19e3b23e80e85e
mangapic/202,1105100,e6b5e33d77b6d134ac865f4e3b0f41e4
mangapic/28,1024353,8e6e70a7ff1b6a6198fe0824878e9494
mangapic/3,986076,26155de7b993c94adffec8be74efddec
mangapic/14,1232794,094b29d9657e57b10a2af0d07858627a
mangapic/32,1030814,f2430746b1c815d47fb5e8f8f712d21b
mangapic/34,1017695,52a343205d04e9174575aa25935bd199
mangapic/189,1201141,83dfba717ff6e04b33ada3217920c5be
mangapic/21,1104697,5dba326eda950401d519581d178f1a67
mangapic/187,1238835,1ad467a79ae9d2a7baa8380fc7e7ba30
mangapic/188,1156094,12800d840d3bd2454ea68703e66f3469
mangapic/4,945945,5b05bd083754e579a5083da1f0d94c9f
mangapic/40,995445,038a282f3f50298f759f355c9153f75a
mangapic/42,989837,02bad3143dbd4242c6dfa5bec28d51f0
mangapic/109,1424499,4285811fa4c2b07186b6c72f6a9c8206
mangapic/5,1006065,b404d0e743bdfcc5103b2e6475b0ded2
mangapic/194,1092321,be4ebd72b4cfde04b2d0806cdda3e536
mangapic/43,997976,22e9a272dedb72eb894a425766e834e1
mangapic/183,1293022,d7d98cccfd400852dfe59078d7bd059f
mangapic/168,1779873,c519fb7f1982d1d7d6344a12576757b4
mangapic/153,1358479,f42587f8eee5e7b811aa4f1f8e1790db
mangapic/240,1087430,23402f4d2a91ddb687f2bba36d46fe91
mangapic/208,1358802,2beef3e0cd3943bb53075bb8ae688f76
mangapic/172,1289306,16d30364e48f563183b5039c60b6ab9d
mangapic/199,1284360,87d10979f59877b12112ed0bbbf04a5a
mangapic/184,1201367,2e272620cd6bcf86436bd5afaf21218c
mangapic/51,908499,d57bddc38c76da0aad047a72503bd61b
mangapic/50,995694,02df6c303d1b9d2addce1501bf4d77a1
mangapic/178,1598439,300de5eb31f72890b568fbbf224d8eed
mangapic/61,889363,c67e370a3f17ea67b81aa72d20639810
mangapic/182,1250330,db4ef74990271bf5ab4f76b2c1b75d92
mangapic/190,1135511,fe8f96cf60faaa7736674c60387e343a
mangapic/60,1007058,59cced6b651d6af270ffe077a7cb805b
mangapic/6,1041769,93b4e4b2c2001bc127348ae90cf97532
mangapic/211,1143935,b3b06ace291a40311d1a76de9438cb81
mangapic/177,1430803,71d69901eb3d7d8ae857ab40f0ab357e
mangapic/162,1546261,d35b53f651c4de29d4e5a80914e2d53e
mangapic/7,799956,18b85f67fd2c183a0ca44c114143ca77
mangapic/228,1097711,046256fb1e72e834ca9b2576e9e1de62
mangapic/198,1314540,eb94b01ff449262413490d5cd123a552
mangapic/20,1063413,12880b53f6385121340c11dc3dab1600
mangapic/71,923051,83de0eecde53e4a028c0ad486e0e22f0
mangapic/79,1045902,bd179cac6a46cfcb12df8ef44e411cb6
mangapic/204,1294371,0df7a3218ad158e2543c2194be263656
mangapic/41,1101331,5daa743a551cc1e9ba1fbb559b5817ed
mangapic/214,1130555,7be5600961ef6934c44cd9d14d70b6df
mangapic/236,1363711,70fa7ac250b609c58cc7f5050cc794b1
mangapic/206,1266475,1a2e69a0150222bc53e454a8d86c5143
mangapic/212,1222200,ee90220489ec5862e5d4fd68713b7a24
mangapic/185,1614691,ff3e6ad6ee55352f1b0455dc1a6cdc9b
mangapic/80,946778,4441171fedfb1b6a9495970fb8a71dcc
mangapic/253,1163016,a41f061213794253b7d9d0cca961e83c
mangapic/84,1002929,f378befdaa50f84ba5a98918b025e9c0
mangapic/222,1335840,0283e2b65368beb2e5f1a26bced25f3d
mangapic/87,929939,3a0f51c56d63be54a69e63f24427af7c
mangapic/88,904555,a8da0b28305b50a43a30be4c731a4c9f
mangapic/89,1033201,07ce548e0e2f38c2050383b6503b0b67
mangapic/90,910011,6e0afdf7fbdcef8c8f99d65534c0d982
mangapic/91,917295,7c6adeb15aa52f1ca0b45912da21460f
mangapic/220,1062678,816569fd1b084fd67d3d3a04cc386134
mangapic/257,1563067,ab2ddf5e069b92ed15bd712b8b7694f1
mangapic/164,1783148,b1ec4eaf5ad3f31172450c728e147867
mangapic/225,1151200,d61cd3bdda2083d1aa8f4d90099f8621
mangapic/215,1327352,4d10c242e1eb36f8b1091ec5eeb9e4c2
mangapic/98,701963,ddd1216d551552b5d449fcdbde7b63cf
mangapic/97,867673,3e4717f534c304fef9a03b45d2fa3e9b
mangapic/99,793090,83d0a032436dc5824996f8e6a03df30d
mangapic/44,1060462,336d0652a539ac8a6e7de687a0705ff6
mangapic/49,1148399,9adf41d730dacca9909d56a387090ba5
mangapic/219,1387405,da810d405c745cb1e5c5cd057fe8439e
mangapic/250,1083722,ff5637ff44d5538db5c4cc335bb75fb6
mangapic/227,1291712,6e604712c9e3c317fe9b62cbb1977715
mangapic/251,1142916,f59906b562367ab5a32c849463baade3
mangapic/25,1073721,1fb3ad58e9897aeca5b955d59519739e
mangapic/223,1293801,88ec5ed6631468395f7f7e1a2b74cc07
mangapic/57,1090870,fdd8d20019b784111bec117e6304f8ce
mangapic/69,1179495,478fa6c02880840cdb122ee1d8911bf8
mangapic/231,1202064,5a96bc43c3bcfecf29e04c1f26d4ef24
mangapic/235,1292518,5368407436fb039d89d4f6f85066ab25
mangapic/234,1312600,cf486e004c31eee14d2520140ad4a8f2
mangapic/243,1399467,f126adff564205588be6e956096d49ed
mangapic/237,1202018,06b04294d12fa70adc73c58a6269b3b9
mangapic/39,1114944,cc67bb2965fdcbb05def506b6f92df99
mangapic/78,1110335,11d788ee112dc6dca6d5d533845775bc
mangapic/56,1235943,941645dd14514b09ed4fed1b9da8cc05
mangapic/256,1256802,896483cda062b646c5bc085a55b2ea38
mangapic/248,1227085,0082b75afe913e6ed5bd500e5e396539
mangapic/65,1257616,655e6dd10036774e9c5bdd162e44da39
mangapic/36,1122458,1bfb03fe78daa7f00c2191d79245f7c2
mangapic/29,1079526,42c2e77fe61cb84fcc74f5ed15d664c9
mangapic/83,1135203,4e67f65979372d42fec92976f1afc8af
mangapic/35,1122095,21b971b31d70f1d1297642ff9f8289bb
mangapic/242,1258075,93f32b9496dbf5fced757ce34862b10d
mangapic/47,1524331,106c7ed50f8cf40e083681d5eddc4e76
mangapic/73,1071110,9414dc15cb95fc54b44de34fd7bd8f02
mangapic/33,1277633,7ae65d3149652bbe4b999dca4712f3b7
mangapic/48,1302611,8cb8feafd0bfa5e72ceb28a9cb98bf40
mangapic/53,1192272,b555172c6ea457286778889c5dda2285
mangapic/45,1216667,45594d057b35d32f808df1599e404791
mangapic/59,1193096,a601cf133d37685b74a6e8e7aeb106dd
mangapic/94,1205706,d89dd3b40e043ad6b35c3503f4b7ec56
mangapic/30,1222260,3f51d9dd2bfd1c2fc5af716512e4ad74
mangapic/8,1221686,20328c10f5c4180b9e1503481898dab9
mangapic/77,1301887,da72808b3f66e42d5e775f852f21c3f8
mangapic/72,1191341,e733b195d029e78578a4f61cfa6dd514
mangapic/93,1238259,84acd5a849f4786d854af909b377b292
mangapic/67,1341659,63174e1338b2c035b309f476751638ef
mangapic/86,1584649,bb46a5d6794ff301162c254ab724eae5
mangapic/239,1363318,2ac438ad2bea535dff046b22a9dd8c79
mangapic/95,1459497,3d0f2eb516f50aca5a2bf08e110ec352
mangapic/81,1550842,425b7d22deb5d871cf5ca51d16601aaf
mangapic/85,1343775,dafff1f78122fd94285f0d4278d644a6
mangapic/92,1105005,57b387ffe80813d91cff65007c7b1b95
mangapic/247,1798678,670f61160b97499f35488efb48c5ebbf
mangapic/70,1149648,05f51f011b63b811c5e2add5f9ee2408
mangapic/268,1139339,600a08cc181a62f66861c2e8e516b2de
mangapic/54,1178852,91845d24ffa27d99a5eaeed76264bcdb
mangapic/68,1168828,0817a22e2bf0b33b4dde8548a9dd8ea0
mangapic/262,1172024,ece65081497fd97b1700b088852124aa
mangapic/37,1396204,375043b4503c48649ca3af39bd79b4b3
mangapic/66,1491773,e0236b078fb5a96d7d2ac022efbdb9de
mangapic/263,1108215,7e5e9fbdc99e761becc38d13f1cc66f4
mangapic/55,1391939,e3776099f696c9c7fea7c157be679f7c
mangapic/75,1433821,e70d128d96fc33a7b08d7e1766948746
mangapic/82,1098521,ffbe3e5613f281f8f74c49531aadd5c5
mangapic/96,1838518,026a551afa0030524ed5a26ea8c3dc6c
mangapic/232,1872499,b1a757f290ad19e8c7de12863157f084
mangapic/264,1378186,91c2dcafd2a23dabad06d91ebb44c0a0
mangapic/64,1107646,8e7358823e32df83dd30b902599ba261
mangapic/31,1259222,11dd3c3865d38304f5f9c9b15f7ee8b7
mangapic/62,1265815,2a4d533d33706f62f56678f513ea391c
mangapic/74,1562403,d0d5715653c92f6b9fc5ee7c1ce72ef0
mangapic/9,1164655,c0a660e47a9a7294110a3d35d74d6bbf
mangapic/76,1150567,0dbff9ed4b941adee3669ba399efd49b
mangapic/38,1185670,821c2286da001941bcd1bc1ab7c38799
mangapic/52,1516169,63fee65513e0f221dde0f8749d0d26a9
mangapic/58,1467551,adb1b813126b60d4af52cc583bf66eec
mangapic/46,1232119,40df2e018e3a77ce0c527e20dcaf13e3
mangapic/63,1545302,6d22e523607f71a52047f71bc4a1a958
mangapic/267,1227648,af55e9cc6b71de7c0d785c21538cb61d
mangapic/26,1156984,13504d99db7c308b02605d86b4e4d4ba